,datetime,symbol,orderid,direction,price,traded,volume,avgFillPrice,status
0,2023-01-07 00:15:00,HK.MHImain,9e02188c,Direction.LONG,21400.0,1,1,21400.0,OrderStatus.ALLTRADED
1,2023-01-09 22:15:00,HK.MHImain,fe3f3dbc,Direction.SHORT,21423.0,1,1,21423.0,OrderStatus.ALLTRADED
2,2023-01-11 01:15:00,HK.MHImain,9e232beb,Direction.LONG,21525.0,1,1,21525.0,OrderStatus.ALLTRADED
3,2023-01-11 15:30:00,HK.MHImain,087815e9,Direction.SHORT,21472.0,1,1,21472.0,OrderStatus.ALLTRADED
4,2023-01-11 23:15:00,HK.MHImain,4cb460ad,Direction.LONG,21649.0,1,1,21649.0,OrderStatus.ALLTRADED
5,2023-01-12 10:30:00,HK.MHImain,7fea0162,Direction.SHORT,21408.0,1,1,21408.0,OrderStatus.ALLTRADED
6,2023-01-12 20:15:00,HK.MHImain,3355c528,Direction.LONG,21639.0,1,1,21639.0,OrderStatus.ALLTRADED
7,2023-01-13 09:30:00,HK.MHImain,b9b03e40,Direction.SHORT,21575.0,1,1,21575.0,OrderStatus.ALLTRADED
8,2023-01-13 14:30:00,HK.MHImain,f9ccf594,Direction.LONG,21770.0,1,1,21770.0,OrderStatus.ALLTRADED
9,2023-01-16 13:30:00,HK.MHImain,00ca9ea7,Direction.SHORT,21675.0,1,1,21675.0,OrderStatus.ALLTRADED
10,2023-01-17 19:15:00,HK.MHImain,7e6cfe0e,Direction.LONG,21668.0,1,1,21668.0,OrderStatus.ALLTRADED
11,2023-01-18 02:15:00,HK.MHImain,80a6d14f,Direction.SHORT,21564.0,1,1,21564.0,OrderStatus.ALLTRADED
12,2023-01-18 09:30:00,HK.MHImain,5623210d,Direction.LONG,21630.0,1,1,21630.0,OrderStatus.ALLTRADED
13,2023-01-19 00:15:00,HK.MHImain,c405465c,Direction.SHORT,21560.0,1,1,21560.0,OrderStatus.ALLTRADED
14,2023-01-19 11:30:00,HK.MHImain,8d70ebfa,Direction.LONG,21751.0,1,1,21751.0,OrderStatus.ALLTRADED
15,2023-01-19 19:15:00,HK.MHImain,3999f8ce,Direction.SHORT,21580.0,1,1,21580.0,OrderStatus.ALLTRADED
16,2023-01-19 22:15:00,HK.MHImain,038214bd,Direction.LONG,21725.0,1,1,21725.0,OrderStatus.ALLTRADED
17,2023-01-26 22:15:00,HK.MHImain,c573efc1,Direction.SHORT,22572.0,1,1,22572.0,OrderStatus.ALLTRADED
18,2023-01-31 22:15:00,HK.MHImain,3288da0d,Direction.LONG,21922.0,1,1,21922.0,OrderStatus.ALLTRADED
19,2023-02-02 17:15:00,HK.MHImain,265a46e5,Direction.SHORT,22038.0,1,1,22038.0,OrderStatus.ALLTRADED
20,2023-02-03 19:15:00,HK.MHImain,d4d12411,Direction.LONG,21780.0,1,1,21780.0,OrderStatus.ALLTRADED
21,2023-02-03 22:15:00,HK.MHImain,6f3b0810,Direction.SHORT,21588.0,1,1,21588.0,OrderStatus.ALLTRADED
22,2023-02-06 23:15:00,HK.MHImain,f69d3c29,Direction.LONG,21189.0,1,1,21189.0,OrderStatus.ALLTRADED
23,2023-02-08 00:15:00,HK.MHImain,b41bae86,Direction.SHORT,21202.0,1,1,21202.0,OrderStatus.ALLTRADED
24,2023-02-08 02:15:00,HK.MHImain,d36e1bfb,Direction.LONG,21311.0,1,1,21311.0,OrderStatus.ALLTRADED
25,2023-02-08 22:15:00,HK.MHImain,390691ef,Direction.SHORT,21159.0,1,1,21159.0,OrderStatus.ALLTRADED
26,2023-02-09 09:30:00,HK.MHImain,9282d820,Direction.LONG,21435.0,1,1,21435.0,OrderStatus.ALLTRADED
27,2023-02-10 02:15:00,HK.MHImain,d0bea913,Direction.SHORT,21598.0,1,1,21598.0,OrderStatus.ALLTRADED
28,2023-02-13 13:30:00,HK.MHImain,0fd45392,Direction.LONG,21185.0,1,1,21185.0,OrderStatus.ALLTRADED
29,2023-02-14 11:30:00,HK.MHImain,e88dd807,Direction.SHORT,21141.0,1,1,21141.0,OrderStatus.ALLTRADED
30,2023-02-14 20:15:00,HK.MHImain,dcfec381,Direction.LONG,21191.0,1,1,21191.0,OrderStatus.ALLTRADED
31,2023-02-14 21:15:00,HK.MHImain,9961f279,Direction.SHORT,21114.0,1,1,21114.0,OrderStatus.ALLTRADED
32,2023-02-14 22:15:00,HK.MHImain,e653c847,Direction.LONG,21201.0,1,1,21201.0,OrderStatus.ALLTRADED
33,2023-02-14 23:15:00,HK.MHImain,bf2ce5c1,Direction.SHORT,21110.0,1,1,21110.0,OrderStatus.ALLTRADED
34,2023-02-15 23:15:00,HK.MHImain,c96b50ce,Direction.LONG,20861.0,1,1,20861.0,OrderStatus.ALLTRADED
35,2023-02-16 21:15:00,HK.MHImain,81bb253d,Direction.SHORT,20844.0,1,1,20844.0,OrderStatus.ALLTRADED
36,2023-02-17 00:15:00,HK.MHImain,1096d7d3,Direction.LONG,21007.0,1,1,21007.0,OrderStatus.ALLTRADED
37,2023-02-17 10:30:00,HK.MHImain,d8ebd7f3,Direction.SHORT,20879.0,1,1,20879.0,OrderStatus.ALLTRADED
38,2023-02-20 09:30:00,HK.MHImain,d77b1d33,Direction.LONG,20784.0,1,1,20784.0,OrderStatus.ALLTRADED
39,2023-02-21 10:30:00,HK.MHImain,1b0fa84c,Direction.SHORT,20685.0,1,1,20685.0,OrderStatus.ALLTRADED
40,2023-02-22 11:30:00,HK.MHImain,85e8e79a,Direction.LONG,20550.0,1,1,20550.0,OrderStatus.ALLTRADED
41,2023-02-22 14:30:00,HK.MHImain,81cd8c79,Direction.SHORT,20443.0,1,1,20443.0,OrderStatus.ALLTRADED
42,2023-02-22 19:15:00,HK.MHImain,8ea433d6,Direction.LONG,20477.0,1,1,20477.0,OrderStatus.ALLTRADED
43,2023-02-22 23:15:00,HK.MHImain,25691078,Direction.SHORT,20352.0,1,1,20352.0,OrderStatus.ALLTRADED
44,2023-02-23 09:30:00,HK.MHImain,93e50e95,Direction.LONG,20400.0,1,1,20400.0,OrderStatus.ALLTRADED
45,2023-02-23 23:15:00,HK.MHImain,60f2bdbd,Direction.SHORT,20190.0,1,1,20190.0,OrderStatus.ALLTRADED
46,2023-02-27 09:30:00,HK.MHImain,3ce22f17,Direction.LONG,19936.0,1,1,19936.0,OrderStatus.ALLTRADED
47,2023-02-28 14:30:00,HK.MHImain,0802064e,Direction.SHORT,19792.0,1,1,19792.0,OrderStatus.ALLTRADED
48,2023-02-28 23:15:00,HK.MHImain,c8b5e806,Direction.LONG,19905.0,1,1,19905.0,OrderStatus.ALLTRADED
49,2023-03-02 00:15:00,HK.MHImain,7f6341e7,Direction.SHORT,20432.0,1,1,20432.0,OrderStatus.ALLTRADED
50,2023-03-03 01:15:00,HK.MHImain,53af912a,Direction.LONG,20646.0,1,1,20646.0,OrderStatus.ALLTRADED
51,2023-03-03 09:30:00,HK.MHImain,1c33f9ca,Direction.SHORT,20546.0,1,1,20546.0,OrderStatus.ALLTRADED
52,2023-03-06 22:15:00,HK.MHImain,db56aa5a,Direction.LONG,20712.0,1,1,20712.0,OrderStatus.ALLTRADED
53,2023-03-07 02:15:00,HK.MHImain,e05c98fb,Direction.SHORT,20621.0,1,1,20621.0,OrderStatus.ALLTRADED
54,2023-03-07 09:30:00,HK.MHImain,97424d7c,Direction.LONG,20941.0,1,1,20941.0,OrderStatus.ALLTRADED
55,2023-03-07 13:30:00,HK.MHImain,5492eb2d,Direction.SHORT,20418.0,1,1,20418.0,OrderStatus.ALLTRADED
56,2023-03-08 22:15:00,HK.MHImain,20123487,Direction.LONG,20094.0,1,1,20094.0,OrderStatus.ALLTRADED
57,2023-03-09 19:15:00,HK.MHImain,58a44301,Direction.SHORT,19897.0,1,1,19897.0,OrderStatus.ALLTRADED
58,2023-03-10 22:15:00,HK.MHImain,18c5b9c1,Direction.LONG,19444.0,1,1,19444.0,OrderStatus.ALLTRADED
59,2023-03-14 10:30:00,HK.MHImain,13c0e44b,Direction.SHORT,19353.0,1,1,19353.0,OrderStatus.ALLTRADED
60,2023-03-14 20:15:00,HK.MHImain,f0eab125,Direction.LONG,19419.0,1,1,19419.0,OrderStatus.ALLTRADED
61,2023-03-15 17:15:00,HK.MHImain,50799409,Direction.SHORT,19322.0,1,1,19322.0,OrderStatus.ALLTRADED
62,2023-03-16 10:30:00,HK.MHImain,8d3b85ff,Direction.LONG,19305.0,1,1,19305.0,OrderStatus.ALLTRADED
63,2023-03-16 18:15:00,HK.MHImain,d50c6bee,Direction.SHORT,19105.0,1,1,19105.0,OrderStatus.ALLTRADED
64,2023-03-16 21:15:00,HK.MHImain,0fa37ed4,Direction.LONG,19144.0,1,1,19144.0,OrderStatus.ALLTRADED
65,2023-03-17 21:15:00,HK.MHImain,7871cae0,Direction.SHORT,19352.0,1,1,19352.0,OrderStatus.ALLTRADED
66,2023-03-20 21:15:00,HK.MHImain,4b03e338,Direction.LONG,19170.0,1,1,19170.0,OrderStatus.ALLTRADED
67,2023-03-23 00:15:00,HK.MHImain,8766747b,Direction.SHORT,19662.0,1,1,19662.0,OrderStatus.ALLTRADED
68,2023-03-23 11:30:00,HK.MHImain,5abe25c0,Direction.LONG,19875.0,1,1,19875.0,OrderStatus.ALLTRADED
69,2023-03-24 01:15:00,HK.MHImain,e3b06145,Direction.SHORT,19990.0,1,1,19990.0,OrderStatus.ALLTRADED
70,2023-03-28 02:15:00,HK.MHImain,57856350,Direction.LONG,19722.0,1,1,19722.0,OrderStatus.ALLTRADED
71,2023-03-30 01:15:00,HK.MHImain,8910f6d8,Direction.SHORT,20352.0,1,1,20352.0,OrderStatus.ALLTRADED
72,2023-03-30 20:15:00,HK.MHImain,2925f96e,Direction.LONG,20485.0,1,1,20485.0,OrderStatus.ALLTRADED
73,2023-03-31 11:30:00,HK.MHImain,4ba59650,Direction.SHORT,20474.0,1,1,20474.0,OrderStatus.ALLTRADED
74,2023-04-03 19:15:00,HK.MHImain,fe243027,Direction.LONG,20492.0,1,1,20492.0,OrderStatus.ALLTRADED
75,2023-04-04 01:15:00,HK.MHImain,e5f9b070,Direction.SHORT,20438.0,1,1,20438.0,OrderStatus.ALLTRADED
76,2023-04-04 21:15:00,HK.MHImain,f368c424,Direction.LONG,20387.0,1,1,20387.0,OrderStatus.ALLTRADED
77,2023-04-05 02:15:00,HK.MHImain,a70b3044,Direction.SHORT,20167.0,1,1,20167.0,OrderStatus.ALLTRADED
78,2023-04-06 10:30:00,HK.MHImain,30516cca,Direction.LONG,20371.0,1,1,20371.0,OrderStatus.ALLTRADED
79,2023-04-06 11:30:00,HK.MHImain,d83bb34a,Direction.SHORT,20251.0,1,1,20251.0,OrderStatus.ALLTRADED
80,2023-04-06 14:30:00,HK.MHImain,07134bf0,Direction.LONG,20349.0,1,1,20349.0,OrderStatus.ALLTRADED
81,2023-04-11 13:30:00,HK.MHImain,cbbe7a5d,Direction.SHORT,20372.0,1,1,20372.0,OrderStatus.ALLTRADED
82,2023-04-11 15:30:00,HK.MHImain,3dab5a40,Direction.LONG,20554.0,1,1,20554.0,OrderStatus.ALLTRADED
83,2023-04-12 00:15:00,HK.MHImain,3c061467,Direction.SHORT,20522.0,1,1,20522.0,OrderStatus.ALLTRADED
84,2023-04-13 14:30:00,HK.MHImain,5e2afbd9,Direction.LONG,20326.0,1,1,20326.0,OrderStatus.ALLTRADED
85,2023-04-14 20:15:00,HK.MHImain,27c53eb2,Direction.SHORT,20395.0,1,1,20395.0,OrderStatus.ALLTRADED
86,2023-04-17 10:30:00,HK.MHImain,76e3a86d,Direction.LONG,20511.0,1,1,20511.0,OrderStatus.ALLTRADED
87,2023-04-17 23:15:00,HK.MHImain,98e26a0c,Direction.SHORT,20611.0,1,1,20611.0,OrderStatus.ALLTRADED
88,2023-04-18 19:15:00,HK.MHImain,c89c6892,Direction.LONG,20767.0,1,1,20767.0,OrderStatus.ALLTRADED
89,2023-04-18 21:15:00,HK.MHImain,3aa57918,Direction.SHORT,20693.0,1,1,20693.0,OrderStatus.ALLTRADED
90,2023-04-20 01:15:00,HK.MHImain,9fa1f057,Direction.LONG,20403.0,1,1,20403.0,OrderStatus.ALLTRADED
91,2023-04-21 02:15:00,HK.MHImain,451c3a20,Direction.SHORT,20300.0,1,1,20300.0,OrderStatus.ALLTRADED
92,2023-04-22 02:15:00,HK.MHImain,a5ad97c5,Direction.LONG,20081.0,1,1,20081.0,OrderStatus.ALLTRADED
93,2023-04-24 11:30:00,HK.MHImain,a2685fa6,Direction.SHORT,19853.0,1,1,19853.0,OrderStatus.ALLTRADED
94,2023-04-24 17:15:00,HK.MHImain,e31efa56,Direction.LONG,19941.0,1,1,19941.0,OrderStatus.ALLTRADED
95,2023-04-25 10:30:00,HK.MHImain,f5ff1d90,Direction.SHORT,19666.0,1,1,19666.0,OrderStatus.ALLTRADED
96,2023-04-26 02:15:00,HK.MHImain,b1bb7fe3,Direction.LONG,19573.0,1,1,19573.0,OrderStatus.ALLTRADED
97,2023-04-28 15:30:00,HK.MHImain,71af35c2,Direction.SHORT,19802.0,1,1,19802.0,OrderStatus.ALLTRADED
98,2023-04-28 22:15:00,HK.MHImain,d4b06944,Direction.LONG,19954.0,1,1,19954.0,OrderStatus.ALLTRADED
99,2023-05-02 09:30:00,HK.MHImain,dace89fc,Direction.SHORT,19756.0,1,1,19756.0,OrderStatus.ALLTRADED
100,2023-05-03 19:15:00,HK.MHImain,82ba2986,Direction.LONG,19591.0,1,1,19591.0,OrderStatus.ALLTRADED
101,2023-05-05 18:15:00,HK.MHImain,4c99f4c3,Direction.SHORT,19974.0,1,1,19974.0,OrderStatus.ALLTRADED
102,2023-05-06 00:15:00,HK.MHImain,f3b53804,Direction.LONG,20084.0,1,1,20084.0,OrderStatus.ALLTRADED
103,2023-05-08 22:15:00,HK.MHImain,a3862c4f,Direction.SHORT,20181.0,1,1,20181.0,OrderStatus.ALLTRADED
104,2023-05-10 18:15:00,HK.MHImain,62686f9e,Direction.LONG,19717.0,1,1,19717.0,OrderStatus.ALLTRADED
105,2023-05-12 13:30:00,HK.MHImain,4fd13bc7,Direction.SHORT,19620.0,1,1,19620.0,OrderStatus.ALLTRADED
106,2023-05-15 10:30:00,HK.MHImain,8088e293,Direction.LONG,19601.0,1,1,19601.0,OrderStatus.ALLTRADED
107,2023-05-16 11:30:00,HK.MHImain,991cd680,Direction.SHORT,19972.0,1,1,19972.0,OrderStatus.ALLTRADED
108,2023-05-18 00:15:00,HK.MHImain,ee2fa7d8,Direction.LONG,19648.0,1,1,19648.0,OrderStatus.ALLTRADED
109,2023-05-18 21:15:00,HK.MHImain,0b75b553,Direction.SHORT,19517.0,1,1,19517.0,OrderStatus.ALLTRADED
110,2023-05-19 20:15:00,HK.MHImain,3c0aa8a3,Direction.LONG,19440.0,1,1,19440.0,OrderStatus.ALLTRADED
111,2023-05-23 09:30:00,HK.MHImain,4b132594,Direction.SHORT,19634.0,1,1,19634.0,OrderStatus.ALLTRADED
112,2023-05-25 17:15:00,HK.MHImain,c4643129,Direction.LONG,18752.0,1,1,18752.0,OrderStatus.ALLTRADED
113,2023-05-30 09:30:00,HK.MHImain,4e35d12a,Direction.SHORT,18430.0,1,1,18430.0,OrderStatus.ALLTRADED
114,2023-05-30 14:30:00,HK.MHImain,f2fc840c,Direction.LONG,18498.0,1,1,18498.0,OrderStatus.ALLTRADED
115,2023-05-30 22:15:00,HK.MHImain,d6337673,Direction.SHORT,18264.0,1,1,18264.0,OrderStatus.ALLTRADED
116,2023-05-31 17:15:00,HK.MHImain,f65ef133,Direction.LONG,18199.0,1,1,18199.0,OrderStatus.ALLTRADED
117,2023-05-31 23:15:00,HK.MHImain,55e5741c,Direction.SHORT,17980.0,1,1,17980.0,OrderStatus.ALLTRADED
118,2023-06-01 00:15:00,HK.MHImain,502fa410,Direction.LONG,18050.0,1,1,18050.0,OrderStatus.ALLTRADED
119,2023-06-03 02:15:00,HK.MHImain,4ddb1d04,Direction.SHORT,18910.0,1,1,18910.0,OrderStatus.ALLTRADED
120,2023-06-06 10:30:00,HK.MHImain,0a9558a6,Direction.LONG,19228.0,1,1,19228.0,OrderStatus.ALLTRADED
121,2023-06-06 13:30:00,HK.MHImain,869fe7da,Direction.SHORT,19042.0,1,1,19042.0,OrderStatus.ALLTRADED
122,2023-06-06 23:15:00,HK.MHImain,83209c21,Direction.LONG,19313.0,1,1,19313.0,OrderStatus.ALLTRADED
123,2023-06-07 13:30:00,HK.MHImain,450d0762,Direction.SHORT,19176.0,1,1,19176.0,OrderStatus.ALLTRADED
124,2023-06-08 21:15:00,HK.MHImain,033aeaa7,Direction.LONG,19334.0,1,1,19334.0,OrderStatus.ALLTRADED
125,2023-06-09 09:30:00,HK.MHImain,45104df9,Direction.SHORT,19230.0,1,1,19230.0,OrderStatus.ALLTRADED
126,2023-06-09 13:30:00,HK.MHImain,3c66094a,Direction.LONG,19426.0,1,1,19426.0,OrderStatus.ALLTRADED
127,2023-06-09 17:15:00,HK.MHImain,d7462b93,Direction.SHORT,19317.0,1,1,19317.0,OrderStatus.ALLTRADED
128,2023-06-09 19:15:00,HK.MHImain,502257f0,Direction.LONG,19384.0,1,1,19384.0,OrderStatus.ALLTRADED
129,2023-06-09 23:15:00,HK.MHImain,7c6d18c6,Direction.SHORT,19367.0,1,1,19367.0,OrderStatus.ALLTRADED
130,2023-06-13 11:30:00,HK.MHImain,7b06ecc0,Direction.LONG,19447.0,1,1,19447.0,OrderStatus.ALLTRADED
131,2023-06-14 09:30:00,HK.MHImain,a6312c82,Direction.SHORT,19509.0,1,1,19509.0,OrderStatus.ALLTRADED
132,2023-06-14 21:15:00,HK.MHImain,47d1f2cc,Direction.LONG,19668.0,1,1,19668.0,OrderStatus.ALLTRADED
133,2023-06-16 21:15:00,HK.MHImain,fc6c9bb4,Direction.SHORT,19998.0,1,1,19998.0,OrderStatus.ALLTRADED
134,2023-06-21 17:15:00,HK.MHImain,149e4e96,Direction.LONG,19262.0,1,1,19262.0,OrderStatus.ALLTRADED
135,2023-06-23 09:30:00,HK.MHImain,98cdaaea,Direction.SHORT,18931.0,1,1,18931.0,OrderStatus.ALLTRADED
136,2023-06-24 00:15:00,HK.MHImain,74118e12,Direction.LONG,18783.0,1,1,18783.0,OrderStatus.ALLTRADED
137,2023-06-28 09:30:00,HK.MHImain,57ee9113,Direction.SHORT,19070.0,1,1,19070.0,OrderStatus.ALLTRADED
138,2023-06-30 02:15:00,HK.MHImain,ba1483e3,Direction.LONG,18808.0,1,1,18808.0,OrderStatus.ALLTRADED
139,2023-07-04 00:15:00,HK.MHImain,7e9a2a0d,Direction.SHORT,19175.0,1,1,19175.0,OrderStatus.ALLTRADED
140,2023-07-04 15:30:00,HK.MHImain,205b2a3c,Direction.LONG,19340.0,1,1,19340.0,OrderStatus.ALLTRADED
141,2023-07-04 17:15:00,HK.MHImain,afa7f912,Direction.SHORT,19323.0,1,1,19323.0,OrderStatus.ALLTRADED
142,2023-07-07 02:15:00,HK.MHImain,672c71e2,Direction.LONG,18456.0,1,1,18456.0,OrderStatus.ALLTRADED
143,2023-07-10 14:30:00,HK.MHImain,148504c4,Direction.SHORT,18465.0,1,1,18465.0,OrderStatus.ALLTRADED
144,2023-07-10 19:15:00,HK.MHImain,7e0bf2d7,Direction.LONG,18552.0,1,1,18552.0,OrderStatus.ALLTRADED
145,2023-07-10 20:15:00,HK.MHImain,8c8fa7c1,Direction.SHORT,18525.0,1,1,18525.0,OrderStatus.ALLTRADED
146,2023-07-10 21:15:00,HK.MHImain,e8ff267f,Direction.LONG,18704.0,1,1,18704.0,OrderStatus.ALLTRADED
147,2023-07-11 19:15:00,HK.MHImain,ca1afc39,Direction.SHORT,18698.0,1,1,18698.0,OrderStatus.ALLTRADED
148,2023-07-12 02:15:00,HK.MHImain,a129be72,Direction.LONG,18778.0,1,1,18778.0,OrderStatus.ALLTRADED
149,2023-07-13 20:15:00,HK.MHImain,b634c25d,Direction.SHORT,19412.0,1,1,19412.0,OrderStatus.ALLTRADED
150,2023-07-14 01:15:00,HK.MHImain,6db1e88a,Direction.LONG,19585.0,1,1,19585.0,OrderStatus.ALLTRADED
151,2023-07-14 02:15:00,HK.MHImain,183a5615,Direction.SHORT,19563.0,1,1,19563.0,OrderStatus.ALLTRADED
152,2023-07-19 14:30:00,HK.MHImain,f4efe9ad,Direction.LONG,18986.0,1,1,18986.0,OrderStatus.ALLTRADED
153,2023-07-20 19:15:00,HK.MHImain,131423d9,Direction.SHORT,18941.0,1,1,18941.0,OrderStatus.ALLTRADED
154,2023-07-21 09:30:00,HK.MHImain,1b6f9ae5,Direction.LONG,19170.0,1,1,19170.0,OrderStatus.ALLTRADED
155,2023-07-21 23:15:00,HK.MHImain,e81e67c9,Direction.SHORT,18984.0,1,1,18984.0,OrderStatus.ALLTRADED
156,2023-07-24 22:15:00,HK.MHImain,83e8cbfc,Direction.LONG,19230.0,1,1,19230.0,OrderStatus.ALLTRADED
157,2023-07-25 23:15:00,HK.MHImain,5d0d127b,Direction.SHORT,19407.0,1,1,19407.0,OrderStatus.ALLTRADED
158,2023-07-26 23:15:00,HK.MHImain,f8e81ea3,Direction.LONG,19542.0,1,1,19542.0,OrderStatus.ALLTRADED
159,2023-07-27 20:15:00,HK.MHImain,b8999b56,Direction.SHORT,19630.0,1,1,19630.0,OrderStatus.ALLTRADED
160,2023-07-28 11:30:00,HK.MHImain,91c9a55b,Direction.LONG,19905.0,1,1,19905.0,OrderStatus.ALLTRADED
161,2023-07-31 14:30:00,HK.MHImain,75cb846a,Direction.SHORT,20181.0,1,1,20181.0,OrderStatus.ALLTRADED
162,2023-08-03 09:30:00,HK.MHImain,23dd5c5a,Direction.LONG,19534.0,1,1,19534.0,OrderStatus.ALLTRADED
163,2023-08-04 15:30:00,HK.MHImain,173b9e20,Direction.SHORT,19530.0,1,1,19530.0,OrderStatus.ALLTRADED
164,2023-08-04 23:15:00,HK.MHImain,b7622b15,Direction.LONG,19610.0,1,1,19610.0,OrderStatus.ALLTRADED
165,2023-08-05 02:15:00,HK.MHImain,61293c9e,Direction.SHORT,19445.0,1,1,19445.0,OrderStatus.ALLTRADED
166,2023-08-07 11:30:00,HK.MHImain,5d6be42d,Direction.LONG,19538.0,1,1,19538.0,OrderStatus.ALLTRADED
167,2023-08-07 13:30:00,HK.MHImain,b2e824af,Direction.SHORT,19503.0,1,1,19503.0,OrderStatus.ALLTRADED
168,2023-08-07 14:30:00,HK.MHImain,aadfd318,Direction.LONG,19550.0,1,1,19550.0,OrderStatus.ALLTRADED
169,2023-08-07 21:15:00,HK.MHImain,03cd18c7,Direction.SHORT,19359.0,1,1,19359.0,OrderStatus.ALLTRADED
170,2023-08-09 02:15:00,HK.MHImain,650280b9,Direction.LONG,19060.0,1,1,19060.0,OrderStatus.ALLTRADED
171,2023-08-11 09:30:00,HK.MHImain,f3292426,Direction.SHORT,19140.0,1,1,19140.0,OrderStatus.ALLTRADED
172,2023-08-14 17:15:00,HK.MHImain,05aaf64b,Direction.LONG,18727.0,1,1,18727.0,OrderStatus.ALLTRADED
173,2023-08-15 21:15:00,HK.MHImain,d06a0285,Direction.SHORT,18358.0,1,1,18358.0,OrderStatus.ALLTRADED
174,2023-08-16 14:30:00,HK.MHImain,d58e426a,Direction.LONG,18343.0,1,1,18343.0,OrderStatus.ALLTRADED
175,2023-08-16 17:15:00,HK.MHImain,b2c15e34,Direction.SHORT,18170.0,1,1,18170.0,OrderStatus.ALLTRADED
176,2023-08-17 10:30:00,HK.MHImain,3dcde8dd,Direction.LONG,18248.0,1,1,18248.0,OrderStatus.ALLTRADED
177,2023-08-18 10:30:00,HK.MHImain,6a8b397d,Direction.SHORT,18134.0,1,1,18134.0,OrderStatus.ALLTRADED
178,2023-08-21 10:30:00,HK.MHImain,47893c8c,Direction.LONG,17839.0,1,1,17839.0,OrderStatus.ALLTRADED
179,2023-08-21 11:30:00,HK.MHImain,d75e8eea,Direction.SHORT,17672.0,1,1,17672.0,OrderStatus.ALLTRADED
180,2023-08-21 18:15:00,HK.MHImain,55a2d636,Direction.LONG,17660.0,1,1,17660.0,OrderStatus.ALLTRADED
181,2023-08-22 23:15:00,HK.MHImain,dc9b3797,Direction.SHORT,17609.0,1,1,17609.0,OrderStatus.ALLTRADED
182,2023-08-23 02:15:00,HK.MHImain,849468cc,Direction.LONG,17778.0,1,1,17778.0,OrderStatus.ALLTRADED
183,2023-08-24 20:15:00,HK.MHImain,e870a552,Direction.SHORT,18117.0,1,1,18117.0,OrderStatus.ALLTRADED
184,2023-08-26 02:15:00,HK.MHImain,b8aed678,Direction.LONG,18514.0,1,1,18514.0,OrderStatus.ALLTRADED
185,2023-08-30 02:15:00,HK.MHImain,10bb4dea,Direction.SHORT,18598.0,1,1,18598.0,OrderStatus.ALLTRADED
186,2023-09-01 01:15:00,HK.MHImain,01f39c6d,Direction.LONG,18382.0,1,1,18382.0,OrderStatus.ALLTRADED
187,2023-09-04 22:15:00,HK.MHImain,b12ba7bd,Direction.SHORT,18715.0,1,1,18715.0,OrderStatus.ALLTRADED
188,2023-09-06 15:30:00,HK.MHImain,679109b7,Direction.LONG,18430.0,1,1,18430.0,OrderStatus.ALLTRADED
189,2023-09-07 09:30:00,HK.MHImain,3e235040,Direction.SHORT,18313.0,1,1,18313.0,OrderStatus.ALLTRADED
190,2023-09-11 11:30:00,HK.MHImain,13acb2c6,Direction.LONG,18100.0,1,1,18100.0,OrderStatus.ALLTRADED
191,2023-09-13 10:30:00,HK.MHImain,6661ab78,Direction.SHORT,17986.0,1,1,17986.0,OrderStatus.ALLTRADED
192,2023-09-13 22:15:00,HK.MHImain,d7142671,Direction.LONG,18110.0,1,1,18110.0,OrderStatus.ALLTRADED
193,2023-09-14 10:30:00,HK.MHImain,4e326c9f,Direction.SHORT,17985.0,1,1,17985.0,OrderStatus.ALLTRADED
194,2023-09-14 11:30:00,HK.MHImain,59c788c5,Direction.LONG,18097.0,1,1,18097.0,OrderStatus.ALLTRADED
195,2023-09-15 17:15:00,HK.MHImain,02ea760d,Direction.SHORT,18167.0,1,1,18167.0,OrderStatus.ALLTRADED
196,2023-09-19 01:15:00,HK.MHImain,54cb0f35,Direction.LONG,17968.0,1,1,17968.0,OrderStatus.ALLTRADED
197,2023-09-20 10:30:00,HK.MHImain,983eb21f,Direction.SHORT,17908.0,1,1,17908.0,OrderStatus.ALLTRADED
198,2023-09-20 18:15:00,HK.MHImain,b37cc110,Direction.LONG,17945.0,1,1,17945.0,OrderStatus.ALLTRADED
199,2023-09-21 02:15:00,HK.MHImain,72ba70f9,Direction.SHORT,17781.0,1,1,17781.0,OrderStatus.ALLTRADED
200,2023-09-22 02:15:00,HK.MHImain,6a45d32e,Direction.LONG,17616.0,1,1,17616.0,OrderStatus.ALLTRADED
201,2023-09-25 09:30:00,HK.MHImain,6bc3f9d5,Direction.SHORT,17833.0,1,1,17833.0,OrderStatus.ALLTRADED
202,2023-09-26 22:15:00,HK.MHImain,77ea1e84,Direction.LONG,17551.0,1,1,17551.0,OrderStatus.ALLTRADED
203,2023-09-28 01:15:00,HK.MHImain,950bc53d,Direction.SHORT,17558.0,1,1,17558.0,OrderStatus.ALLTRADED
204,2023-09-28 02:15:00,HK.MHImain,4c7442e9,Direction.LONG,17634.0,1,1,17634.0,OrderStatus.ALLTRADED
205,2023-09-28 09:30:00,HK.MHImain,7a184cf3,Direction.SHORT,17470.0,1,1,17470.0,OrderStatus.ALLTRADED
206,2023-09-28 22:15:00,HK.MHImain,a6ed64ab,Direction.LONG,17522.0,1,1,17522.0,OrderStatus.ALLTRADED
207,2023-09-29 23:15:00,HK.MHImain,b91af8e6,Direction.SHORT,17741.0,1,1,17741.0,OrderStatus.ALLTRADED
208,2023-10-04 02:15:00,HK.MHImain,a3eb0a02,Direction.LONG,17323.0,1,1,17323.0,OrderStatus.ALLTRADED
209,2023-10-04 11:30:00,HK.MHImain,4554a586,Direction.SHORT,17187.0,1,1,17187.0,OrderStatus.ALLTRADED
210,2023-10-04 15:30:00,HK.MHImain,a900f034,Direction.LONG,17248.0,1,1,17248.0,OrderStatus.ALLTRADED
211,2023-10-06 21:15:00,HK.MHImain,e8bcf295,Direction.SHORT,17441.0,1,1,17441.0,OrderStatus.ALLTRADED
212,2023-10-06 22:15:00,HK.MHImain,8ffce75a,Direction.LONG,17627.0,1,1,17627.0,OrderStatus.ALLTRADED
213,2023-10-09 14:30:00,HK.MHImain,cf6e3674,Direction.SHORT,17521.0,1,1,17521.0,OrderStatus.ALLTRADED
214,2023-10-10 02:15:00,HK.MHImain,1c07ca18,Direction.LONG,17896.0,1,1,17896.0,OrderStatus.ALLTRADED
215,2023-10-11 13:30:00,HK.MHImain,c700c46e,Direction.SHORT,17973.0,1,1,17973.0,OrderStatus.ALLTRADED
216,2023-10-11 21:15:00,HK.MHImain,f8b4b63b,Direction.LONG,18142.0,1,1,18142.0,OrderStatus.ALLTRADED
217,2023-10-12 18:15:00,HK.MHImain,8d8512f5,Direction.SHORT,18287.0,1,1,18287.0,OrderStatus.ALLTRADED
218,2023-10-14 02:15:00,HK.MHImain,cfbe17ed,Direction.LONG,17830.0,1,1,17830.0,OrderStatus.ALLTRADED
219,2023-10-16 13:30:00,HK.MHImain,5a976a3a,Direction.SHORT,17633.0,1,1,17633.0,OrderStatus.ALLTRADED
220,2023-10-16 17:15:00,HK.MHImain,706f9ca6,Direction.LONG,17683.0,1,1,17683.0,OrderStatus.ALLTRADED
221,2023-10-17 20:15:00,HK.MHImain,11ced53e,Direction.SHORT,17695.0,1,1,17695.0,OrderStatus.ALLTRADED
222,2023-10-17 21:15:00,HK.MHImain,bf281414,Direction.LONG,17796.0,1,1,17796.0,OrderStatus.ALLTRADED
223,2023-10-18 14:30:00,HK.MHImain,3761f1b7,Direction.SHORT,17766.0,1,1,17766.0,OrderStatus.ALLTRADED
224,2023-10-19 22:15:00,HK.MHImain,a0e5f0fc,Direction.LONG,17364.0,1,1,17364.0,OrderStatus.ALLTRADED
225,2023-10-20 09:30:00,HK.MHImain,ae1fac5d,Direction.SHORT,17129.0,1,1,17129.0,OrderStatus.ALLTRADED
226,2023-10-21 02:15:00,HK.MHImain,7ce2e127,Direction.LONG,17043.0,1,1,17043.0,OrderStatus.ALLTRADED
227,2023-10-25 14:30:00,HK.MHImain,3d83fea6,Direction.SHORT,17035.0,1,1,17035.0,OrderStatus.ALLTRADED
228,2023-10-26 20:15:00,HK.MHImain,0448d2e6,Direction.LONG,17051.0,1,1,17051.0,OrderStatus.ALLTRADED
229,2023-10-27 23:15:00,HK.MHImain,fc583992,Direction.SHORT,17262.0,1,1,17262.0,OrderStatus.ALLTRADED
230,2023-10-30 14:30:00,HK.MHImain,29185200,Direction.LONG,17398.0,1,1,17398.0,OrderStatus.ALLTRADED
231,2023-10-30 23:15:00,HK.MHImain,9ec3b3c7,Direction.SHORT,17377.0,1,1,17377.0,OrderStatus.ALLTRADED
232,2023-11-01 11:30:00,HK.MHImain,31369663,Direction.LONG,17142.0,1,1,17142.0,OrderStatus.ALLTRADED
233,2023-11-06 18:15:00,HK.MHImain,da983d01,Direction.SHORT,18000.0,1,1,18000.0,OrderStatus.ALLTRADED
234,2023-11-08 22:15:00,HK.MHImain,474d5801,Direction.LONG,17676.0,1,1,17676.0,OrderStatus.ALLTRADED
235,2023-11-09 09:30:00,HK.MHImain,728c078b,Direction.SHORT,17525.0,1,1,17525.0,OrderStatus.ALLTRADED
236,2023-11-09 20:15:00,HK.MHImain,247bd4f0,Direction.LONG,17537.0,1,1,17537.0,OrderStatus.ALLTRADED
237,2023-11-10 02:15:00,HK.MHImain,6f4472cb,Direction.SHORT,17323.0,1,1,17323.0,OrderStatus.ALLTRADED
238,2023-11-10 22:15:00,HK.MHImain,5a8d5d61,Direction.LONG,17263.0,1,1,17263.0,OrderStatus.ALLTRADED
239,2023-11-14 13:30:00,HK.MHImain,dfc409a7,Direction.SHORT,17444.0,1,1,17444.0,OrderStatus.ALLTRADED
240,2023-11-14 21:15:00,HK.MHImain,5ac2f08a,Direction.LONG,17736.0,1,1,17736.0,OrderStatus.ALLTRADED
241,2023-11-16 02:15:00,HK.MHImain,f617e357,Direction.SHORT,18122.0,1,1,18122.0,OrderStatus.ALLTRADED
242,2023-11-17 18:15:00,HK.MHImain,1cb84232,Direction.LONG,17643.0,1,1,17643.0,OrderStatus.ALLTRADED
243,2023-11-21 13:30:00,HK.MHImain,ad38596d,Direction.SHORT,17840.0,1,1,17840.0,OrderStatus.ALLTRADED
244,2023-11-22 17:15:00,HK.MHImain,0192bfee,Direction.LONG,17768.0,1,1,17768.0,OrderStatus.ALLTRADED
245,2023-11-22 22:15:00,HK.MHImain,1c76abce,Direction.SHORT,17647.0,1,1,17647.0,OrderStatus.ALLTRADED
246,2023-11-23 13:30:00,HK.MHImain,0bd8e325,Direction.LONG,17806.0,1,1,17806.0,OrderStatus.ALLTRADED
247,2023-11-24 02:15:00,HK.MHImain,fca3e1dc,Direction.SHORT,17753.0,1,1,17753.0,OrderStatus.ALLTRADED
248,2023-11-24 23:15:00,HK.MHImain,33019d4f,Direction.LONG,17689.0,1,1,17689.0,OrderStatus.ALLTRADED
249,2023-11-27 09:30:00,HK.MHImain,a4ef7d66,Direction.SHORT,17419.0,1,1,17419.0,OrderStatus.ALLTRADED
250,2023-11-27 17:15:00,HK.MHImain,158a8a0c,Direction.LONG,17557.0,1,1,17557.0,OrderStatus.ALLTRADED
251,2023-11-28 11:30:00,HK.MHImain,e516b72e,Direction.SHORT,17381.0,1,1,17381.0,OrderStatus.ALLTRADED
252,2023-11-28 18:15:00,HK.MHImain,d6b62f55,Direction.LONG,17465.0,1,1,17465.0,OrderStatus.ALLTRADED
253,2023-11-29 09:30:00,HK.MHImain,56d9ebe0,Direction.SHORT,17230.0,1,1,17230.0,OrderStatus.ALLTRADED
254,2023-11-29 23:15:00,HK.MHImain,dc7e19a6,Direction.LONG,17122.0,1,1,17122.0,OrderStatus.ALLTRADED
255,2023-12-01 13:30:00,HK.MHImain,93fb0774,Direction.SHORT,16979.0,1,1,16979.0,OrderStatus.ALLTRADED
256,2023-12-02 01:15:00,HK.MHImain,2f7083df,Direction.LONG,16937.0,1,1,16937.0,OrderStatus.ALLTRADED
257,2023-12-04 14:30:00,HK.MHImain,5d86e35f,Direction.SHORT,16720.0,1,1,16720.0,OrderStatus.ALLTRADED
258,2023-12-05 00:15:00,HK.MHImain,88a1f93e,Direction.LONG,16729.0,1,1,16729.0,OrderStatus.ALLTRADED
259,2023-12-05 09:30:00,HK.MHImain,55472fef,Direction.SHORT,16475.0,1,1,16475.0,OrderStatus.ALLTRADED
260,2023-12-05 23:15:00,HK.MHImain,f5a23e40,Direction.LONG,16372.0,1,1,16372.0,OrderStatus.ALLTRADED
261,2023-12-07 09:30:00,HK.MHImain,a1cbe45c,Direction.SHORT,16228.0,1,1,16228.0,OrderStatus.ALLTRADED
262,2023-12-07 19:15:00,HK.MHImain,5765c1c3,Direction.LONG,16375.0,1,1,16375.0,OrderStatus.ALLTRADED
263,2023-12-08 21:15:00,HK.MHImain,e49fd708,Direction.SHORT,16308.0,1,1,16308.0,OrderStatus.ALLTRADED
264,2023-12-08 22:15:00,HK.MHImain,b795ac4d,Direction.LONG,16380.0,1,1,16380.0,OrderStatus.ALLTRADED
265,2023-12-08 23:15:00,HK.MHImain,9b224234,Direction.SHORT,16317.0,1,1,16317.0,OrderStatus.ALLTRADED
266,2023-12-11 18:15:00,HK.MHImain,42ef413b,Direction.LONG,16220.0,1,1,16220.0,OrderStatus.ALLTRADED
267,2023-12-12 22:15:00,HK.MHImain,9c3a9438,Direction.SHORT,16285.0,1,1,16285.0,OrderStatus.ALLTRADED
268,2023-12-13 21:15:00,HK.MHImain,0e7cd0cc,Direction.LONG,16300.0,1,1,16300.0,OrderStatus.ALLTRADED
269,2023-12-13 22:15:00,HK.MHImain,3b2b4e42,Direction.SHORT,16215.0,1,1,16215.0,OrderStatus.ALLTRADED
270,2023-12-14 02:15:00,HK.MHImain,1352f15b,Direction.LONG,16496.0,1,1,16496.0,OrderStatus.ALLTRADED
271,2023-12-15 20:15:00,HK.MHImain,40f545c2,Direction.SHORT,16818.0,1,1,16818.0,OrderStatus.ALLTRADED
272,2023-12-19 19:15:00,HK.MHImain,3abfa380,Direction.LONG,16550.0,1,1,16550.0,OrderStatus.ALLTRADED
273,2023-12-20 17:15:00,HK.MHImain,eee092c7,Direction.SHORT,16598.0,1,1,16598.0,OrderStatus.ALLTRADED
274,2023-12-21 11:30:00,HK.MHImain,19fa3b17,Direction.LONG,16648.0,1,1,16648.0,OrderStatus.ALLTRADED
275,2023-12-22 11:30:00,HK.MHImain,757dedba,Direction.SHORT,16461.0,1,1,16461.0,OrderStatus.ALLTRADED
276,2023-12-22 23:15:00,HK.MHImain,eb7b5825,Direction.LONG,16553.0,1,1,16553.0,OrderStatus.ALLTRADED
277,2023-12-29 00:15:00,HK.MHImain,759700f1,Direction.SHORT,17129.0,1,1,17129.0,OrderStatus.ALLTRADED
278,2024-01-03 13:30:00,HK.MHImain,22048b17,Direction.LONG,16723.0,1,1,16723.0,OrderStatus.ALLTRADED
279,2024-01-03 19:15:00,HK.MHImain,e9001a0e,Direction.SHORT,16572.0,1,1,16572.0,OrderStatus.ALLTRADED
280,2024-01-03 22:15:00,HK.MHImain,73d259f6,Direction.LONG,16658.0,1,1,16658.0,OrderStatus.ALLTRADED
281,2024-01-05 02:15:00,HK.MHImain,c4b56e2a,Direction.SHORT,16538.0,1,1,16538.0,OrderStatus.ALLTRADED
282,2024-01-05 09:30:00,HK.MHImain,586c5ccb,Direction.LONG,16786.0,1,1,16786.0,OrderStatus.ALLTRADED
283,2024-01-05 13:30:00,HK.MHImain,5de575b3,Direction.SHORT,16558.0,1,1,16558.0,OrderStatus.ALLTRADED
284,2024-01-05 22:15:00,HK.MHImain,f2fdfb47,Direction.LONG,16661.0,1,1,16661.0,OrderStatus.ALLTRADED
285,2024-01-08 09:30:00,HK.MHImain,0a452c42,Direction.SHORT,16288.0,1,1,16288.0,OrderStatus.ALLTRADED
286,2024-01-08 23:15:00,HK.MHImain,79c8179e,Direction.LONG,16338.0,1,1,16338.0,OrderStatus.ALLTRADED
287,2024-01-09 18:15:00,HK.MHImain,038ce4c5,Direction.SHORT,16173.0,1,1,16173.0,OrderStatus.ALLTRADED
288,2024-01-10 09:30:00,HK.MHImain,251dc0c6,Direction.LONG,16218.0,1,1,16218.0,OrderStatus.ALLTRADED
289,2024-01-11 22:15:00,HK.MHImain,4bf14ce7,Direction.SHORT,16162.0,1,1,16162.0,OrderStatus.ALLTRADED
290,2024-01-12 11:30:00,HK.MHImain,b63a1615,Direction.LONG,16316.0,1,1,16316.0,OrderStatus.ALLTRADED
291,2024-01-12 14:30:00,HK.MHImain,57f8b544,Direction.SHORT,16226.0,1,1,16226.0,OrderStatus.ALLTRADED
292,2024-01-12 22:15:00,HK.MHImain,d4ed0d73,Direction.LONG,16385.0,1,1,16385.0,OrderStatus.ALLTRADED
293,2024-01-13 02:15:00,HK.MHImain,ff580cfa,Direction.SHORT,16231.0,1,1,16231.0,OrderStatus.ALLTRADED
294,2024-01-15 09:30:00,HK.MHImain,c3503536,Direction.LONG,16328.0,1,1,16328.0,OrderStatus.ALLTRADED
295,2024-01-15 10:30:00,HK.MHImain,b546cbe5,Direction.SHORT,16260.0,1,1,16260.0,OrderStatus.ALLTRADED
296,2024-01-17 23:15:00,HK.MHImain,f3edb9cc,Direction.LONG,15291.0,1,1,15291.0,OrderStatus.ALLTRADED
